{
  "hash": "a1cc6db9",
  "configHash": "c4bd3ee5",
  "lockfileHash": "e3b0c442",
  "browserHash": "352c5653",
  "optimized": {
    "@angular/core": {
      "src": "../../../../../../node_modules/@angular/core/fesm2022/core.mjs",
      "file": "@angular_core.js",
      "fileHash": "95e8e692",
      "needsInterop": false
    },
    "@angular/platform-browser": {
      "src": "../../../../../../node_modules/@angular/platform-browser/fesm2022/platform-browser.mjs",
      "file": "@angular_platform-browser.js",
      "fileHash": "5abf14f9",
      "needsInterop": false
    },
    "@angular/router": {
      "src": "../../../../../../node_modules/@angular/router/fesm2022/router.mjs",
      "file": "@angular_router.js",
      "fileHash": "6531b083",
      "needsInterop": false
    },
    "@angular/forms": {
      "src": "../../../../../../node_modules/@angular/forms/fesm2022/forms.mjs",
      "file": "@angular_forms.js",
      "fileHash": "eb367064",
      "needsInterop": false
    }
  },
  "chunks": {
    "chunk-5OZOOUJW": {
      "file": "chunk-5OZOOUJW.js"
    },
    "chunk-ZF52XHDI": {
      "file": "chunk-ZF52XHDI.js"
    },
    "chunk-6RVO5VK4": {
      "file": "chunk-6RVO5VK4.js"
    }
  }
}