{
  "hash": "9fad1953",
  "configHash": "227136ca",
  "lockfileHash": "e3b0c442",
  "browserHash": "cb7d3741",
  "optimized": {
    "@angular/core": {
      "src": "../../../../../../node_modules/@angular/core/fesm2022/core.mjs",
      "file": "@angular_core.js",
      "fileHash": "7d47a02d",
      "needsInterop": false
    },
    "@angular/platform-browser": {
      "src": "../../../../../../node_modules/@angular/platform-browser/fesm2022/platform-browser.mjs",
      "file": "@angular_platform-browser.js",
      "fileHash": "4ff8a7e5",
      "needsInterop": false
    },
    "@angular/router": {
      "src": "../../../../../../node_modules/@angular/router/fesm2022/router.mjs",
      "file": "@angular_router.js",
      "fileHash": "d49633dd",
      "needsInterop": false
    }
  },
  "chunks": {
    "chunk-PKGG2E3U": {
      "file": "chunk-PKGG2E3U.js"
    },
    "chunk-ZZIJFYSX": {
      "file": "chunk-ZZIJFYSX.js"
    }
  }
}