{
  "hash": "bb9e84b6",
  "configHash": "fefb438e",
  "lockfileHash": "e3b0c442",
  "browserHash": "e6331e13",
  "optimized": {
    "@angular/core": {
      "src": "../../../../../../node_modules/@angular/core/fesm2022/core.mjs",
      "file": "@angular_core.js",
      "fileHash": "4fc85b0d",
      "needsInterop": false
    },
    "@angular/platform-browser": {
      "src": "../../../../../../node_modules/@angular/platform-browser/fesm2022/platform-browser.mjs",
      "file": "@angular_platform-browser.js",
      "fileHash": "2f7cb027",
      "needsInterop": false
    },
    "@angular/router": {
      "src": "../../../../../../node_modules/@angular/router/fesm2022/router.mjs",
      "file": "@angular_router.js",
      "fileHash": "15fd95be",
      "needsInterop": false
    },
    "@angular/forms": {
      "src": "../../../../../../node_modules/@angular/forms/fesm2022/forms.mjs",
      "file": "@angular_forms.js",
      "fileHash": "7db0f2ec",
      "needsInterop": false
    }
  },
  "chunks": {
    "chunk-MVL4X3OY": {
      "file": "chunk-MVL4X3OY.js"
    },
    "chunk-5P6ITET7": {
      "file": "chunk-5P6ITET7.js"
    },
    "chunk-ADJQCICN": {
      "file": "chunk-ADJQCICN.js"
    }
  }
}