{
  "hash": "85846f74",
  "configHash": "69ceae83",
  "lockfileHash": "e3b0c442",
  "browserHash": "23d26fef",
  "optimized": {
    "@angular/core": {
      "src": "../../../../../../node_modules/@angular/core/fesm2022/core.mjs",
      "file": "@angular_core.js",
      "fileHash": "545e34b5",
      "needsInterop": false
    },
    "@angular/platform-browser": {
      "src": "../../../../../../node_modules/@angular/platform-browser/fesm2022/platform-browser.mjs",
      "file": "@angular_platform-browser.js",
      "fileHash": "2ea6c691",
      "needsInterop": false
    },
    "@angular/router": {
      "src": "../../../../../../node_modules/@angular/router/fesm2022/router.mjs",
      "file": "@angular_router.js",
      "fileHash": "4c42898c",
      "needsInterop": false
    }
  },
  "chunks": {
    "chunk-PKGG2E3U": {
      "file": "chunk-PKGG2E3U.js"
    },
    "chunk-ZZIJFYSX": {
      "file": "chunk-ZZIJFYSX.js"
    }
  }
}