{
  "hash": "a8cb6a86",
  "configHash": "39627f45",
  "lockfileHash": "e3b0c442",
  "browserHash": "a232b5a3",
  "optimized": {
    "@angular/core": {
      "src": "../../../../../../node_modules/@angular/core/fesm2022/core.mjs",
      "file": "@angular_core.js",
      "fileHash": "6a474d08",
      "needsInterop": false
    },
    "@angular/platform-browser": {
      "src": "../../../../../../node_modules/@angular/platform-browser/fesm2022/platform-browser.mjs",
      "file": "@angular_platform-browser.js",
      "fileHash": "0f711268",
      "needsInterop": false
    },
    "@angular/router": {
      "src": "../../../../../../node_modules/@angular/router/fesm2022/router.mjs",
      "file": "@angular_router.js",
      "fileHash": "9038a622",
      "needsInterop": false
    },
    "@angular/common": {
      "src": "../../../../../../node_modules/@angular/common/fesm2022/common.mjs",
      "file": "@angular_common.js",
      "fileHash": "189e8f30",
      "needsInterop": false
    }
  },
  "chunks": {
    "chunk-IAAKZMAK": {
      "file": "chunk-IAAKZMAK.js"
    },
    "chunk-2NF2KGF5": {
      "file": "chunk-2NF2KGF5.js"
    },
    "chunk-ZZIJFYSX": {
      "file": "chunk-ZZIJFYSX.js"
    }
  }
}