{
  "hash": "450e5ad6",
  "configHash": "42c80d45",
  "lockfileHash": "e3b0c442",
  "browserHash": "f0692cbe",
  "optimized": {
    "@angular/core": {
      "src": "../../../../../../node_modules/@angular/core/fesm2022/core.mjs",
      "file": "@angular_core.js",
      "fileHash": "e5223847",
      "needsInterop": false
    },
    "@angular/platform-browser": {
      "src": "../../../../../../node_modules/@angular/platform-browser/fesm2022/platform-browser.mjs",
      "file": "@angular_platform-browser.js",
      "fileHash": "e1b11685",
      "needsInterop": false
    },
    "@angular/router": {
      "src": "../../../../../../node_modules/@angular/router/fesm2022/router.mjs",
      "file": "@angular_router.js",
      "fileHash": "f23ff483",
      "needsInterop": false
    },
    "@angular/common": {
      "src": "../../../../../../node_modules/@angular/common/fesm2022/common.mjs",
      "file": "@angular_common.js",
      "fileHash": "487d5cc1",
      "needsInterop": false
    }
  },
  "chunks": {
    "chunk-IAAKZMAK": {
      "file": "chunk-IAAKZMAK.js"
    },
    "chunk-2NF2KGF5": {
      "file": "chunk-2NF2KGF5.js"
    },
    "chunk-ZZIJFYSX": {
      "file": "chunk-ZZIJFYSX.js"
    }
  }
}