{
  "hash": "e343ef7f",
  "configHash": "14d194d8",
  "lockfileHash": "e3b0c442",
  "browserHash": "26526e53",
  "optimized": {
    "@angular/core": {
      "src": "../../../../../../node_modules/@angular/core/fesm2022/core.mjs",
      "file": "@angular_core.js",
      "fileHash": "0d39e73d",
      "needsInterop": false
    },
    "@angular/forms": {
      "src": "../../../../../../node_modules/@angular/forms/fesm2022/forms.mjs",
      "file": "@angular_forms.js",
      "fileHash": "b4fb844b",
      "needsInterop": false
    },
    "@angular/platform-browser": {
      "src": "../../../../../../node_modules/@angular/platform-browser/fesm2022/platform-browser.mjs",
      "file": "@angular_platform-browser.js",
      "fileHash": "55d64833",
      "needsInterop": false
    },
    "@angular/router": {
      "src": "../../../../../../node_modules/@angular/router/fesm2022/router.mjs",
      "file": "@angular_router.js",
      "fileHash": "85c9d58e",
      "needsInterop": false
    }
  },
  "chunks": {
    "chunk-5OZOOUJW": {
      "file": "chunk-5OZOOUJW.js"
    },
    "chunk-ZF52XHDI": {
      "file": "chunk-ZF52XHDI.js"
    },
    "chunk-6RVO5VK4": {
      "file": "chunk-6RVO5VK4.js"
    }
  }
}