{
  "hash": "a3231370",
  "configHash": "782b84e1",
  "lockfileHash": "e3b0c442",
  "browserHash": "4b6d2534",
  "optimized": {
    "@angular/common": {
      "src": "../../../../../../node_modules/@angular/common/fesm2022/common.mjs",
      "file": "@angular_common.js",
      "fileHash": "83a0baac",
      "needsInterop": false
    },
    "@angular/core": {
      "src": "../../../../../../node_modules/@angular/core/fesm2022/core.mjs",
      "file": "@angular_core.js",
      "fileHash": "d2a56978",
      "needsInterop": false
    },
    "@angular/platform-browser": {
      "src": "../../../../../../node_modules/@angular/platform-browser/fesm2022/platform-browser.mjs",
      "file": "@angular_platform-browser.js",
      "fileHash": "82f71168",
      "needsInterop": false
    },
    "@angular/router": {
      "src": "../../../../../../node_modules/@angular/router/fesm2022/router.mjs",
      "file": "@angular_router.js",
      "fileHash": "8a061a81",
      "needsInterop": false
    },
    "@angular/forms": {
      "src": "../../../../../../node_modules/@angular/forms/fesm2022/forms.mjs",
      "file": "@angular_forms.js",
      "fileHash": "498716bd",
      "needsInterop": false
    }
  },
  "chunks": {
    "chunk-2D655GKT": {
      "file": "chunk-2D655GKT.js"
    },
    "chunk-ZJKLAVTL": {
      "file": "chunk-ZJKLAVTL.js"
    },
    "chunk-ADJQCICN": {
      "file": "chunk-ADJQCICN.js"
    }
  }
}