{
  "hash": "361e3c76",
  "configHash": "cd75af2e",
  "lockfileHash": "3633f48e",
  "browserHash": "035246ad",
  "optimized": {
    "@angular/core": {
      "src": "../../../../../../node_modules/@angular/core/fesm2022/core.mjs",
      "file": "@angular_core.js",
      "fileHash": "e806b736",
      "needsInterop": false
    },
    "@angular/platform-browser": {
      "src": "../../../../../../node_modules/@angular/platform-browser/fesm2022/platform-browser.mjs",
      "file": "@angular_platform-browser.js",
      "fileHash": "6a309879",
      "needsInterop": false
    },
    "@angular/router": {
      "src": "../../../../../../node_modules/@angular/router/fesm2022/router.mjs",
      "file": "@angular_router.js",
      "fileHash": "76ab0993",
      "needsInterop": false
    },
    "@angular/common": {
      "src": "../../../../../../node_modules/@angular/common/fesm2022/common.mjs",
      "file": "@angular_common.js",
      "fileHash": "db8d31ad",
      "needsInterop": false
    }
  },
  "chunks": {
    "chunk-QUTJW3OX": {
      "file": "chunk-QUTJW3OX.js"
    },
    "chunk-GR2ZYQ2A": {
      "file": "chunk-GR2ZYQ2A.js"
    },
    "chunk-TO4CFXQS": {
      "file": "chunk-TO4CFXQS.js"
    }
  }
}