{
  "hash": "58a82abd",
  "configHash": "7c9abdea",
  "lockfileHash": "e3b0c442",
  "browserHash": "2d97b9dc",
  "optimized": {
    "@angular/core": {
      "src": "../../../../../../node_modules/@angular/core/fesm2022/core.mjs",
      "file": "@angular_core.js",
      "fileHash": "08e36c8c",
      "needsInterop": false
    },
    "@angular/platform-browser": {
      "src": "../../../../../../node_modules/@angular/platform-browser/fesm2022/platform-browser.mjs",
      "file": "@angular_platform-browser.js",
      "fileHash": "26b41e53",
      "needsInterop": false
    },
    "@angular/router": {
      "src": "../../../../../../node_modules/@angular/router/fesm2022/router.mjs",
      "file": "@angular_router.js",
      "fileHash": "8394ddc7",
      "needsInterop": false
    },
    "@angular/common": {
      "src": "../../../../../../node_modules/@angular/common/fesm2022/common.mjs",
      "file": "@angular_common.js",
      "fileHash": "f7f3d9d6",
      "needsInterop": false
    }
  },
  "chunks": {
    "chunk-IAAKZMAK": {
      "file": "chunk-IAAKZMAK.js"
    },
    "chunk-2NF2KGF5": {
      "file": "chunk-2NF2KGF5.js"
    },
    "chunk-ZZIJFYSX": {
      "file": "chunk-ZZIJFYSX.js"
    }
  }
}