{
  "hash": "7794dddb",
  "configHash": "14cc2542",
  "lockfileHash": "3dd45a96",
  "browserHash": "eff11fd8",
  "optimized": {
    "@angular/core": {
      "src": "../../../../../../node_modules/@angular/core/fesm2022/core.mjs",
      "file": "@angular_core.js",
      "fileHash": "37b5ab26",
      "needsInterop": false
    },
    "@angular/platform-browser": {
      "src": "../../../../../../node_modules/@angular/platform-browser/fesm2022/platform-browser.mjs",
      "file": "@angular_platform-browser.js",
      "fileHash": "3c6ebbd2",
      "needsInterop": false
    },
    "@angular/router": {
      "src": "../../../../../../node_modules/@angular/router/fesm2022/router.mjs",
      "file": "@angular_router.js",
      "fileHash": "3947ea29",
      "needsInterop": false
    }
  },
  "chunks": {
    "chunk-PKGG2E3U": {
      "file": "chunk-PKGG2E3U.js"
    },
    "chunk-ZZIJFYSX": {
      "file": "chunk-ZZIJFYSX.js"
    }
  }
}