{
  "hash": "38e19d8a",
  "configHash": "3120ae41",
  "lockfileHash": "e3b0c442",
  "browserHash": "acfa28f0",
  "optimized": {
    "@angular/core": {
      "src": "../../../../../../node_modules/@angular/core/fesm2022/core.mjs",
      "file": "@angular_core.js",
      "fileHash": "c786ed91",
      "needsInterop": false
    },
    "@angular/platform-browser": {
      "src": "../../../../../../node_modules/@angular/platform-browser/fesm2022/platform-browser.mjs",
      "file": "@angular_platform-browser.js",
      "fileHash": "cbe73003",
      "needsInterop": false
    },
    "@angular/router": {
      "src": "../../../../../../node_modules/@angular/router/fesm2022/router.mjs",
      "file": "@angular_router.js",
      "fileHash": "7f12b8d6",
      "needsInterop": false
    },
    "@angular/forms": {
      "src": "../../../../../../node_modules/@angular/forms/fesm2022/forms.mjs",
      "file": "@angular_forms.js",
      "fileHash": "0309129e",
      "needsInterop": false
    }
  },
  "chunks": {
    "chunk-5OZOOUJW": {
      "file": "chunk-5OZOOUJW.js"
    },
    "chunk-ZF52XHDI": {
      "file": "chunk-ZF52XHDI.js"
    },
    "chunk-6RVO5VK4": {
      "file": "chunk-6RVO5VK4.js"
    }
  }
}