{
  "hash": "2a304329",
  "configHash": "23746f82",
  "lockfileHash": "e3b0c442",
  "browserHash": "38ff3655",
  "optimized": {
    "@angular/core": {
      "src": "../../../../../../node_modules/@angular/core/fesm2022/core.mjs",
      "file": "@angular_core.js",
      "fileHash": "cb51e903",
      "needsInterop": false
    },
    "@angular/platform-browser": {
      "src": "../../../../../../node_modules/@angular/platform-browser/fesm2022/platform-browser.mjs",
      "file": "@angular_platform-browser.js",
      "fileHash": "7659ad5a",
      "needsInterop": false
    },
    "@angular/router": {
      "src": "../../../../../../node_modules/@angular/router/fesm2022/router.mjs",
      "file": "@angular_router.js",
      "fileHash": "fc935225",
      "needsInterop": false
    },
    "@angular/forms": {
      "src": "../../../../../../node_modules/@angular/forms/fesm2022/forms.mjs",
      "file": "@angular_forms.js",
      "fileHash": "7d39c850",
      "needsInterop": false
    }
  },
  "chunks": {
    "chunk-5OZOOUJW": {
      "file": "chunk-5OZOOUJW.js"
    },
    "chunk-ZF52XHDI": {
      "file": "chunk-ZF52XHDI.js"
    },
    "chunk-6RVO5VK4": {
      "file": "chunk-6RVO5VK4.js"
    }
  }
}