{
  "hash": "e09b73e8",
  "configHash": "9322d759",
  "lockfileHash": "e3b0c442",
  "browserHash": "5940924b",
  "optimized": {
    "@angular/core": {
      "src": "../../../../../../node_modules/@angular/core/fesm2022/core.mjs",
      "file": "@angular_core.js",
      "fileHash": "6d85dfe0",
      "needsInterop": false
    },
    "@angular/platform-browser": {
      "src": "../../../../../../node_modules/@angular/platform-browser/fesm2022/platform-browser.mjs",
      "file": "@angular_platform-browser.js",
      "fileHash": "d8207869",
      "needsInterop": false
    },
    "@angular/router": {
      "src": "../../../../../../node_modules/@angular/router/fesm2022/router.mjs",
      "file": "@angular_router.js",
      "fileHash": "23beec5e",
      "needsInterop": false
    },
    "@angular/forms": {
      "src": "../../../../../../node_modules/@angular/forms/fesm2022/forms.mjs",
      "file": "@angular_forms.js",
      "fileHash": "95038120",
      "needsInterop": false
    }
  },
  "chunks": {
    "chunk-MVL4X3OY": {
      "file": "chunk-MVL4X3OY.js"
    },
    "chunk-5P6ITET7": {
      "file": "chunk-5P6ITET7.js"
    },
    "chunk-ADJQCICN": {
      "file": "chunk-ADJQCICN.js"
    }
  }
}