{
  "hash": "307bad33",
  "configHash": "cb4aa721",
  "lockfileHash": "e3b0c442",
  "browserHash": "041ceab5",
  "optimized": {
    "@angular/core": {
      "src": "../../../../../../node_modules/@angular/core/fesm2022/core.mjs",
      "file": "@angular_core.js",
      "fileHash": "c70aee20",
      "needsInterop": false
    },
    "@angular/platform-browser": {
      "src": "../../../../../../node_modules/@angular/platform-browser/fesm2022/platform-browser.mjs",
      "file": "@angular_platform-browser.js",
      "fileHash": "5b7b5b24",
      "needsInterop": false
    },
    "@angular/router": {
      "src": "../../../../../../node_modules/@angular/router/fesm2022/router.mjs",
      "file": "@angular_router.js",
      "fileHash": "b4087032",
      "needsInterop": false
    },
    "@angular/common": {
      "src": "../../../../../../node_modules/@angular/common/fesm2022/common.mjs",
      "file": "@angular_common.js",
      "fileHash": "47433619",
      "needsInterop": false
    },
    "@angular/forms": {
      "src": "../../../../../../node_modules/@angular/forms/fesm2022/forms.mjs",
      "file": "@angular_forms.js",
      "fileHash": "46f55f76",
      "needsInterop": false
    }
  },
  "chunks": {
    "chunk-HBJXEZ3R": {
      "file": "chunk-HBJXEZ3R.js"
    },
    "chunk-RPEJTJF5": {
      "file": "chunk-RPEJTJF5.js"
    },
    "chunk-6RVO5VK4": {
      "file": "chunk-6RVO5VK4.js"
    }
  }
}