{
  "hash": "224798c6",
  "configHash": "3b2fe520",
  "lockfileHash": "99424a13",
  "browserHash": "fc074462",
  "optimized": {
    "@angular/core": {
      "src": "../../../../../../node_modules/@angular/core/fesm2022/core.mjs",
      "file": "@angular_core.js",
      "fileHash": "7a3c6cb3",
      "needsInterop": false
    },
    "@angular/platform-browser": {
      "src": "../../../../../../node_modules/@angular/platform-browser/fesm2022/platform-browser.mjs",
      "file": "@angular_platform-browser.js",
      "fileHash": "53bb176d",
      "needsInterop": false
    },
    "@angular/router": {
      "src": "../../../../../../node_modules/@angular/router/fesm2022/router.mjs",
      "file": "@angular_router.js",
      "fileHash": "6c2fd49e",
      "needsInterop": false
    }
  },
  "chunks": {
    "chunk-XHCZYHG3": {
      "file": "chunk-XHCZYHG3.js"
    },
    "chunk-I4AHI2R4": {
      "file": "chunk-I4AHI2R4.js"
    }
  }
}