{
  "hash": "22f01a63",
  "configHash": "318e7aa3",
  "lockfileHash": "c48d433c",
  "browserHash": "17ea9f1f",
  "optimized": {
    "@angular/core": {
      "src": "../../../../../../node_modules/@angular/core/fesm2022/core.mjs",
      "file": "@angular_core.js",
      "fileHash": "fa87cb60",
      "needsInterop": false
    },
    "@angular/platform-browser": {
      "src": "../../../../../../node_modules/@angular/platform-browser/fesm2022/platform-browser.mjs",
      "file": "@angular_platform-browser.js",
      "fileHash": "e15b042e",
      "needsInterop": false
    },
    "@angular/router": {
      "src": "../../../../../../node_modules/@angular/router/fesm2022/router.mjs",
      "file": "@angular_router.js",
      "fileHash": "9f6b698d",
      "needsInterop": false
    }
  },
  "chunks": {
    "chunk-XHCZYHG3": {
      "file": "chunk-XHCZYHG3.js"
    },
    "chunk-I4AHI2R4": {
      "file": "chunk-I4AHI2R4.js"
    }
  }
}