{
  "hash": "2b86b8d0",
  "configHash": "a1f94711",
  "lockfileHash": "e3b0c442",
  "browserHash": "a6802c39",
  "optimized": {
    "@angular/core": {
      "src": "../../../../../../node_modules/@angular/core/fesm2022/core.mjs",
      "file": "@angular_core.js",
      "fileHash": "913f40bc",
      "needsInterop": false
    },
    "@angular/platform-browser": {
      "src": "../../../../../../node_modules/@angular/platform-browser/fesm2022/platform-browser.mjs",
      "file": "@angular_platform-browser.js",
      "fileHash": "a3abe132",
      "needsInterop": false
    },
    "@angular/router": {
      "src": "../../../../../../node_modules/@angular/router/fesm2022/router.mjs",
      "file": "@angular_router.js",
      "fileHash": "241d0896",
      "needsInterop": false
    },
    "@angular/forms": {
      "src": "../../../../../../node_modules/@angular/forms/fesm2022/forms.mjs",
      "file": "@angular_forms.js",
      "fileHash": "16782f64",
      "needsInterop": false
    },
    "@angular/common": {
      "src": "../../../../../../node_modules/@angular/common/fesm2022/common.mjs",
      "file": "@angular_common.js",
      "fileHash": "29cec2ca",
      "needsInterop": false
    }
  },
  "chunks": {
    "chunk-HBJXEZ3R": {
      "file": "chunk-HBJXEZ3R.js"
    },
    "chunk-RPEJTJF5": {
      "file": "chunk-RPEJTJF5.js"
    },
    "chunk-6RVO5VK4": {
      "file": "chunk-6RVO5VK4.js"
    }
  }
}