{
  "hash": "67e48581",
  "configHash": "e1a319e8",
  "lockfileHash": "06e7c906",
  "browserHash": "d9624c27",
  "optimized": {
    "@angular/core": {
      "src": "../../../../../../node_modules/@angular/core/fesm2022/core.mjs",
      "file": "@angular_core.js",
      "fileHash": "b63bfd8b",
      "needsInterop": false
    },
    "@angular/platform-browser": {
      "src": "../../../../../../node_modules/@angular/platform-browser/fesm2022/platform-browser.mjs",
      "file": "@angular_platform-browser.js",
      "fileHash": "c722d721",
      "needsInterop": false
    },
    "@angular/router": {
      "src": "../../../../../../node_modules/@angular/router/fesm2022/router.mjs",
      "file": "@angular_router.js",
      "fileHash": "4a5a5c9d",
      "needsInterop": false
    }
  },
  "chunks": {
    "chunk-XHCZYHG3": {
      "file": "chunk-XHCZYHG3.js"
    },
    "chunk-I4AHI2R4": {
      "file": "chunk-I4AHI2R4.js"
    }
  }
}