{
  "hash": "29280669",
  "configHash": "c9c1cfc9",
  "lockfileHash": "d723fa66",
  "browserHash": "eb8d6258",
  "optimized": {
    "@angular/core": {
      "src": "../../../../../../node_modules/@angular/core/fesm2022/core.mjs",
      "file": "@angular_core.js",
      "fileHash": "b6cc9dcd",
      "needsInterop": false
    },
    "@angular/platform-browser": {
      "src": "../../../../../../node_modules/@angular/platform-browser/fesm2022/platform-browser.mjs",
      "file": "@angular_platform-browser.js",
      "fileHash": "808f14a3",
      "needsInterop": false
    },
    "@angular/router": {
      "src": "../../../../../../node_modules/@angular/router/fesm2022/router.mjs",
      "file": "@angular_router.js",
      "fileHash": "d5b596d4",
      "needsInterop": false
    }
  },
  "chunks": {
    "chunk-XHCZYHG3": {
      "file": "chunk-XHCZYHG3.js"
    },
    "chunk-I4AHI2R4": {
      "file": "chunk-I4AHI2R4.js"
    }
  }
}