{
  "hash": "67281279",
  "configHash": "ed687d9b",
  "lockfileHash": "e3b0c442",
  "browserHash": "cd63d7d9",
  "optimized": {
    "@angular/core": {
      "src": "../../../../../../node_modules/@angular/core/fesm2022/core.mjs",
      "file": "@angular_core.js",
      "fileHash": "7f08c0e1",
      "needsInterop": false
    },
    "@angular/platform-browser": {
      "src": "../../../../../../node_modules/@angular/platform-browser/fesm2022/platform-browser.mjs",
      "file": "@angular_platform-browser.js",
      "fileHash": "49582a38",
      "needsInterop": false
    },
    "@angular/router": {
      "src": "../../../../../../node_modules/@angular/router/fesm2022/router.mjs",
      "file": "@angular_router.js",
      "fileHash": "fe2b1177",
      "needsInterop": false
    },
    "@angular/common": {
      "src": "../../../../../../node_modules/@angular/common/fesm2022/common.mjs",
      "file": "@angular_common.js",
      "fileHash": "3fbe1be1",
      "needsInterop": false
    }
  },
  "chunks": {
    "chunk-IAAKZMAK": {
      "file": "chunk-IAAKZMAK.js"
    },
    "chunk-2NF2KGF5": {
      "file": "chunk-2NF2KGF5.js"
    },
    "chunk-ZZIJFYSX": {
      "file": "chunk-ZZIJFYSX.js"
    }
  }
}