{
  "hash": "48e5b894",
  "configHash": "8859feec",
  "lockfileHash": "f43f56c5",
  "browserHash": "aab1f1e2",
  "optimized": {
    "@angular/core": {
      "src": "../../../../../../node_modules/@angular/core/fesm2022/core.mjs",
      "file": "@angular_core.js",
      "fileHash": "e781803e",
      "needsInterop": false
    },
    "@angular/platform-browser": {
      "src": "../../../../../../node_modules/@angular/platform-browser/fesm2022/platform-browser.mjs",
      "file": "@angular_platform-browser.js",
      "fileHash": "ad2bcfea",
      "needsInterop": false
    },
    "@angular/router": {
      "src": "../../../../../../node_modules/@angular/router/fesm2022/router.mjs",
      "file": "@angular_router.js",
      "fileHash": "e2009bc0",
      "needsInterop": false
    }
  },
  "chunks": {
    "chunk-XHCZYHG3": {
      "file": "chunk-XHCZYHG3.js"
    },
    "chunk-I4AHI2R4": {
      "file": "chunk-I4AHI2R4.js"
    }
  }
}