{
  "hash": "62cc8340",
  "configHash": "8ae93541",
  "lockfileHash": "e3b0c442",
  "browserHash": "eddcc30e",
  "optimized": {
    "@angular/core": {
      "src": "../../../../../../node_modules/@angular/core/fesm2022/core.mjs",
      "file": "@angular_core.js",
      "fileHash": "9d1c7b00",
      "needsInterop": false
    },
    "@angular/platform-browser": {
      "src": "../../../../../../node_modules/@angular/platform-browser/fesm2022/platform-browser.mjs",
      "file": "@angular_platform-browser.js",
      "fileHash": "8419ae67",
      "needsInterop": false
    },
    "@angular/router": {
      "src": "../../../../../../node_modules/@angular/router/fesm2022/router.mjs",
      "file": "@angular_router.js",
      "fileHash": "1741e10a",
      "needsInterop": false
    },
    "@angular/common": {
      "src": "../../../../../../node_modules/@angular/common/fesm2022/common.mjs",
      "file": "@angular_common.js",
      "fileHash": "7fdf57e0",
      "needsInterop": false
    }
  },
  "chunks": {
    "chunk-IAAKZMAK": {
      "file": "chunk-IAAKZMAK.js"
    },
    "chunk-2NF2KGF5": {
      "file": "chunk-2NF2KGF5.js"
    },
    "chunk-ZZIJFYSX": {
      "file": "chunk-ZZIJFYSX.js"
    }
  }
}